pyq_id,subject,question_text,reason,candidate_topic_ids
90,Operating Systems,R22 Code No: 184BZ JAWAHARLAL NEHRU TECHNOLOGICAL UNIVERSITY HYDERABAD,No keyword match found,
92,Operating Systems,"Part-A for 10 marks, ii) Part-B for 50 marks. (cid:127) Part-A is a compulsory question which consists of ten sub-questions from all units carrying equal marks. (cid:127) Part-B consists of ten questions (numbered from 2 to 11) carrying 10 marks each. From each unit, there are two questions and the student should answer one of them. Hence, the student should answer five questions from Part-B. PART – A (10 Marks)",No keyword match found,
93,Operating Systems,a) Define an operating system.,No keyword match found,
94,Operating Systems,What are system calls in an operating system?,No keyword match found,
96,Operating Systems,"Once a deadlock is detected, what are the options for recovery?",No keyword match found,
97,Operating Systems,What is Interprocess Communication (IPC)?,No keyword match found,
98,Operating Systems,What is swapping in memory management?,No keyword match found,
99,Operating Systems,What is the structure and role of a page table?,No keyword match found,
103,Operating Systems,What services does an operating system provide to users and applications? Explain each with an exa mple.,No keyword match found,
105,Operating Systems,Explain the system model used for deadlock analysis. What are the necessary conditions for a deadlock to occur?,No keyword match found,
106,Operating Systems,Explain how semaphores can be used to solve the critical section problem. Provide a producer-consumer example using semaphores.,"Ambiguous matches to multiple topics: Critical Section Problem, Semaphores",165|167
108,Operating Systems,Explain the FIFO (First-In-First-Out) page replacement algorithm. What is Belady's anomaly?,No keyword match found,
109,Operating Systems,What is paging in memory management? Describe how logical addresses are translated into physical addresses in paging.,No keyword match found,
111,Operating Systems,Describe the logical and physical structure of a file system. How are files organized on secondary stor age? ---ooOoo---,No keyword match found,
112,Operating Systems,R18 Code No: 154BR JAWAHARLAL NEHRU TECHNOLOGICAL UNIVERSITY HYDERABAD,No keyword match found,
114,Operating Systems,"Part A is compulsory, which carries 25 marks. In Part A, answer all questions.",No keyword match found,
115,Operating Systems,"In Part B, Answer any one question from each unit. Each question carries 10 marks and may have a, b as sub questions. PART – A (25 Marks)",No keyword match found,
117,Operating Systems,What is symmetric multiprocessor system? List out its characteristics. [3],No keyword match found,
118,Operating Systems,Why do processes need to communicate? [2],No keyword match found,
122,Operating Systems,What is internal fragmentation? [2],No keyword match found,
124,Operating Systems,What is a bit vector? [2],No keyword match found,
128,Operating Systems,a) Summarize the evolution of Operating system in detail.,No keyword match found,
129,Operating Systems,Write down the services provided by an operating systems with respect to device management. [5+5],No keyword match found,
130,Operating Systems,a) What is a process? Distinguish between a process and a program.,No keyword match found,
133,Operating Systems,Briefly discuss about various operations performed on processes. [6+4],No keyword match found,
136,Operating Systems,"Simulate FIFO, LRU and optimal page replacement algorithms on the following reference string and find number of page faults(number of frames = 4) 1,2,3,2,1,2,3,4,5,6,7,3,4,5,6,3 [10]",No keyword match found,
137,Operating Systems,Explain segmentation memory management scheme with neat diagrams. [10],No keyword match found,
140,Operating Systems,"Explain about lseek(), open() and read() system calls. [4+6] ---ooOoo---",No keyword match found,
141,Operating Systems,R18 Code No: 154BR JAWAHARLAL NEHRU TECHNOLOGICAL UNIVERSITY HYDERABAD,No keyword match found,
143,Operating Systems,"Part A is compulsory, which carries 25 marks. In Part A, answer all questions.",No keyword match found,
144,Operating Systems,"UIn Part B, Answer any one question from each unit. Each question carries 10 marks and may have a, b as sub questions. H PART – A (25 Marks)",No keyword match found,
145,Operating Systems,a) Define the essential properties of parallel operating systems. [2],No keyword match found,
146,Operating Systems,How does multiprogramsming increase CPU utilization? [3],No keyword match found,
147,Operating Systems,Write about wait command. [2] e,No keyword match found,
150,Operating Systems,Give an example of the situation describing deadlock. [3],No keyword match found,
151,Operating Systems,What is the purpose of paging the page tpables? [3],No keyword match found,
152,Operating Systems,What is a file? [2] a,No keyword match found,
153,Operating Systems,List down various file attributes. [3] p PART – B e (50 Marks) r,No keyword match found,
156,Operating Systems,a) Under what circumstances would a user be better off using a timesharing system rather than a PC or single-user workstation.,No keyword match found,
158,Operating Systems,"a) Describe the differences among short-term, medium-term, and long-term scheduling.",No keyword match found,
161,Operating Systems,Why is it important for the scheduler to distinguish I/O-bound programs from CPU- bound programs? [5+5],No keyword match found,
162,Operating Systems,a) Demonstrate that monitors and semaphores are equivalent as they can be used to implement the same types of synchronization problems. Jb) What is critical-section problem? Give a classic Peterson’s solution to the critical- section problem. [5+5] N OR,"Ambiguous matches to multiple topics: Semaphores, Monitors",167|170
163,Operating Systems,Discuss the tradeoff between fairness and throughput of operations in the readers- Twriters problem. Propose a method for solving the readers-writers problem without causing starvation. [10],No keyword match found,
164,Operating Systems,"Given five memory partitions of 100 KB, 500 KB, 200 KB, 300 KB, and 600 KB (in order), how would each of the first-fit, best-fit, and worst-fit algorithms place processes H of 212 KB, 417 KB, 112 KB, and 426 KB (in order)? Which algorithm makes the most efficient use of memory? [10]",No keyword match found,
165,Operating Systems,Explain the concept of Least Recently Used memory page replacement method and how it is different from sFirst In First Out (FIFO) page replacement method. [10] e,No keyword match found,
166,Operating Systems,a) What are the advantages of Contiguous allocation? What are the drawbacks of contiguous allocation of disk space? d,No keyword match found,
167,Operating Systems,"Explain the following commands: lseek, stat, ioctl. [4+6]",No keyword match found,
168,Operating Systems,Explain in detail about the common scphemes for defining the logical structure of a directory. [10] a p ---ooOoo--- e r s,No keyword match found,
169,Operating Systems,R18 J Code No: 154BR JAWAHARLAL NEHRU TECHNOLOGICAL UNIVERSITY HYDERABAD,No keyword match found,
173,Operating Systems,a) Briefly explain abeout system calls.,No keyword match found,
181,Operating Systems,a) Describe IPC between processes on a single computer system.,No keyword match found,
183,Operating Systems,a) Describe basic method of segmentation. u,No keyword match found,
184,Operating Systems,Explain about performance of demand paging. [8+7] g,No keyword match found,
185,Operating Systems,R18 Code No: 154BR JAWAHARLAL NEHRU TECHNOLOGICAL UNIVERSITY HYDERABAD,No keyword match found,
187,Operating Systems,a) WUhat are the various components of operating system structure and explain with a neat sketch.,No keyword match found,
188,Operating Systems,"Differentiate between Multi Programming, Multi Tasking and Multi processing systems. H [8+7]",No keyword match found,
191,Operating Systems,What is Deadlock? List the condition that leads to deadlo-ck. How deadlock can be prevented. [15],No keyword match found,
193,Operating Systems,Explain about Virtual Memory Management in detail. [7+8],No keyword match found,
195,Operating Systems,a) What are the various objectives and functions of operating systems?,No keyword match found,
197,Operating Systems,a) What is Demand paging? Explain.,No keyword match found,
198,Operating Systems,Discuss about segmentation with an example. [7+8],No keyword match found,
200,Operating Systems,R18 Code No: 154BR J JAWAHARLAL NEHRU TECHNOLOGICAL UNIVERSITY HYDERABAD,No keyword match found,
204,Operating Systems,What is Semaphore? Give the implementation of Bounded Buffer Producer Consumer Problem using Semaphore. [15] E,"Ambiguous matches to multiple topics: Semaphores, Classical Problems of Synchronization",167|168
205,Operating Systems,Explain the swapping in memory management. [15] D,No keyword match found,
206,Operating Systems,a) Explain about the implementation of Access Matrix.,No keyword match found,
207,Operating Systems,Explain about lseek( ) and stat( ) system calls. [7+8],No keyword match found,
208,Operating Systems,a) Explain about the distributed operating1 system in brief.,No keyword match found,
209,Operating Systems,Explain the various system calls are used in -OS. [7+8],No keyword match found,
212,Operating Systems,Explain about domain protection mechanism in brief. [8+M7] ---ooOoo---,No keyword match found,
213,Operating Systems,R16 Code No: 134BU JAWAHARLAL NEHRU TECHNOLOGICAL UNIVERSITY HYDERABAD J,No keyword match found,
215,Operating Systems,a) Define OperaSting systems. List the objectives of Operating System. [2],No keyword match found,
216,Operating Systems,Illustrate about device controller and drivers. [3],No keyword match found,
218,Operating Systems,What is a critical section? Give example. [3],No keyword match found,
219,Operating Systems,Compare internal and external fragmentation. [2] D,No keyword match found,
220,Operating Systems,"Explain first, best fit memory al location techniques. [3]",No keyword match found,
221,Operating Systems,Define the terms seek time and rotational latency. [2],No keyword match found,
222,Operating Systems,What are the various file accessing1 methods? [3],No keyword match found,
223,Operating Systems,"Explain safe, unsafe and deadlock state process. [2]",No keyword match found,
225,Operating Systems,a) Explain different categories of system calls with sui5table example.,No keyword match found,
226,Operating Systems,What are the functionalities of Operating Systems? Expla-in in detail. [5+5],No keyword match found,
228,Operating Systems,What are the various components of Operating System structure? And explain simple layered approach of Operating System in detail. [5+5],No keyword match found,
233,Operating Systems,What are the disadvantages of single contiguous memory allocation? Explain. [5+5],No keyword match found,
234,Operating Systems,"a) Consider the following page reference string 1,2,3,4,2,1,5,6,2,1,2,3,7,6,3,2,1,2,3,6 Determine how many page faults would occur for Optimal page replacement algorithm. Assume three frames are initially empty.",No keyword match found,
235,Operating Systems,Discuss the procedure for page fault in demand paging. [5+5],No keyword match found,
236,Operating Systems,a) Compare and Contrast Free space management and Swap space management. J,No keyword match found,
237,Operating Systems,Discuss the indexed file allocation method with an example. [5+5] N,No keyword match found,
238,Operating Systems,a) Discuss various types of Disk storage attachments.,No keyword match found,
239,Operating Systems,What are the objectives of file management system? Explain file system architecture. T [5+5],No keyword match found,
241,Operating Systems,Explain the technique used to prevent the deadlock. [5+5] H OR,No keyword match found,
243,Operating Systems,Write the principles of protection? And explain the access matrix in detail. [5+5] S ---ooOoo--- E D A M,No keyword match found,
245,Operating Systems,a) Explain the functions of operating system. [2],No keyword match found,
246,Operating Systems,Explain about the abstract view of the components of a computer system. [3] S,No keyword match found,
247,Operating Systems,Distinguish between I/O bound process and CPU bound process. [2],No keyword match found,
249,Operating Systems,What is Demand Paging? [2],No keyword match found,
251,Operating Systems,Explain about the Acyclic graDph directory. [2],No keyword match found,
252,Operating Systems,Explain about the Solid state disk. [3],No keyword match found,
253,Operating Systems,What is Access Control? [2],No keyword match found,
254,Operating Systems,Explain how to eliminate the deadlocks using resource preemption. [3] PART-B (50 Marks),No keyword match found,
255,Operating Systems,Explain how operating systems are used in a variet1y of computing environments. [10],No keyword match found,
257,Operating Systems,Explain about the dual mode operation in OS with a neat block diagram. [5+5],No keyword match found,
260,Operating Systems,a) Discuss the Peterson’s solution for the race condition with algorithm.,No keyword match found,
262,Operating Systems,"a) Consider the following page reference string J 1,2,3,4,5,3,4,1,6,7,8,7,8,9,7,8,9,5,4,5,4,2 With four Frames. How many page faults would occur for the FIFO, Optimal page N replacement algorithms? Which algorithm is efficient? (Assume all frame are initially empty) T b) What is Thrashing? Explain the Causes of Thrashing. [5+5]",No keyword match found,
263,Operating Systems,"a) Consider the following reference string 7,0,1,2,0,3,0,4,2,3,0,3,2,1,2,0,1,7,0,1. H Assume there are three frames. Apply LRU replacement algorithm to the reference sting above and find out how many page faults are produced. Illustrate the LRU page replacement algorithm in detail and also two feasible implementation of the LRU algorithm.",No keyword match found,
264,Operating Systems,Explain about Swapping. [5+5] S,No keyword match found,
265,Operating Systems,"a) Suppose that a disk drive has 5000 cylinders numbered 0 to 4999. The drive is currently E serving a request at cylinder 143. The queue of pending requests in FIFO order 86,1470,913,1774,948,1509, 1022, 1750, 130 starting from current head position. What is the total distance that disk aDrm moves to satisfy all the pending request for FCFS and SSTF disk scheduling algorithm.","Ambiguous matches to multiple topics: Scheduling Algorithms, Disk Scheduling Algorithms FCFS SSTF SCAN C-SCAN",157|188
268,Operating Systems,a) Explain about the Language based Protection.,No keyword match found,
271,Operating Systems,What is deadlock? Explain the conditions that lead to deadlock. [5+5] ---ooOoo--- A M,No keyword match found,
272,Operating Systems,Code No: 125EH R15 JAWAHARLAL NEHRU TECHNOLOGICAL UNIVERSITY HYDERABAD,No keyword match found,
274,Operating Systems,a) Describe about control card in batch-system. [2],No keyword match found,
276,Operating Systems,What do you turn around Time? [2],No keyword match found,
278,Operating Systems,Describe about hashed page table. [2],No keyword match found,
279,Operating Systems,| What do you mean by external fragmentation? [3],No keyword match found,
280,Operating Systems,Describe about File Allocation Table. [2],No keyword match found,
281,Operating Systems,Mention two important functions of Virtual File System. (VFS) Layer. [3],No keyword match found,
283,Operating Systems,List the necessary conditions to occur the Deadlock. [3] PART -B (50 Marks),No keyword match found,
284,Operating Systems,a) Define operating system? Elaborate the operating system operations with examples?,No keyword match found,
285,Operating Systems,Discuss in detail the main advantage of the layered approach to system design? What are the disadvantages of using layered approach? 5+5,No keyword match found,
286,Operating Systems,Explain the following terms with examples and neat diagrams: 5+5,No keyword match found,
287,Operating Systems,Java Virtual Machine b) Para-Virtualization,No keyword match found,
288,Operating Systems,"a) Differentiate between Long terms, Short term, Medium term Scheduler.",No keyword match found,
290,Operating Systems,a) Discuss in detail about the Dining —Philosophers solution using monitors.,"Ambiguous matches to multiple topics: Classical Problems of Synchronization, Monitors",168|170
292,Operating Systems,Perform optimal page replacement on the following reference string: page replacement? utilization in case of thrashing. Explain how best fit allocation scheme minimized the fragment size? What are the disadvantages of single contiguous memory allocation? Explain. Explain and compare the FCFS and SSTF disk scheduling algorithms. Illustrate the following terms with examples.,"Ambiguous matches to multiple topics: Scheduling Algorithms, Disk Scheduling Algorithms FCFS SSTF SCAN C-SCAN",157|188
293,Operating Systems,"Bit vector ) Swap space management. Describe in detail the implementation methods of Access matrix. avoidance algorithm in detail. ---00000--- www. jntuonline.com -7,0,1,2,0,3,0,4,2,3,0,3,2,1,2,0,1,7,0,1 find number of page faults and define optimal Define thrashing? Explain its causes and write any two solutions to increase CPU What is fragment? Explain the difference between internal and external fragments. How does deadlock avoidance differ from deadlock prevention? Write about deadlock [10 [10","Ambiguous matches to multiple topics: Deadlock Prevention, Deadlock Avoidance",162|163
295,Operating Systems,a) R13 JAWAHARLAL NEHRU TECHNOLOGICAL UNIVERSITY HYDERABAD,No keyword match found,
298,Operating Systems,Two level directory structure. )) Acyclic-graph directory structure. [5+5] Explain any two methods used to protect user files with examples. Discuss the log structured file system implementation. [5+5] Consider the following snapshot of a system: Processes Allocation Max Available ABCD ABCD ABCD PO 0012 0012 2100 Pl 2000 2750 P2 0034 6656 P3 2345 4356 P4 0332 0652 Answer the following questions using the banker’s algorithm:,"Ambiguous matches to multiple topics: Deadlock Avoidance, Directory Structure",163|182
299,Operating Systems,What is the content of the matrix Need?,No keyword match found,
301,Operating Systems,Is the system currently deadlocked? Why or why not?,No keyword match found,
302,Operating Systems,"Which process, if any, or may become deadlocked if this whole request is granted immediately? [2+3+2+3] In the capability-based system, describe the techniques, which can be used to protect the capabilities from unauthorized modification. [10] ---00000--- www. jJntuonline.com",No keyword match found,
303,Computer Networks,"Part-A for 10 marks, ii) Part-B for 50 marks. (cid:127) Part-A is a compulsory question which consists of ten sub-questions from all units carrying equal marks. (cid:127) Part-B consists of ten questions (numbered from 2 to 11) carrying 10 marks each. From each unit, there are two questions and the student should answer one of them. Hence, the student should answer five questions from Part-B. PART – A (10 Marks)",No keyword match found,
305,Computer Networks,List out the two sub layers of data link layer.,No keyword match found,
307,Computer Networks,What is channel allocation problem?,No keyword match found,
308,Computer Networks,Define congestion in a network.,No keyword match found,
309,Computer Networks,What is process to process delivery?,No keyword match found,
310,Computer Networks,What is MPEG? PART – B (50 Marks),No keyword match found,
311,Computer Networks,Explain in detail about TCP/IP network reference model with neat diagram.,No keyword match found,
312,Computer Networks,a) Describe the functionalities provided by data link layer.,No keyword match found,
316,Computer Networks,a) Explain the design issues in network layer.,No keyword match found,
318,Computer Networks,a) Describe the multicast routing in detail.,No keyword match found,
319,Computer Networks,Discuss about network layer in the Internet.,No keyword match found,
320,Computer Networks,a) Describe the functionalities of transport layer.,No keyword match found,
321,Computer Networks,Give a brief note on connection management at transport layer.,No keyword match found,
322,Computer Networks,"a) With a neat architecture, explain TCP in detail.",No keyword match found,
327,Computer Networks,Give a short note on audio streaming at application layer. ---ooOoo---,No keyword match found,
328,Computer Networks,"Part A is compulsory, which carries 25 marks. In Part A, Answer all questions.",No keyword match found,
329,Computer Networks,"Idn Part B, Answer any one question from each unit. Each question carries 10 marks and may have a, b as sub questions. P PART – A (25 Marks)",No keyword match found,
330,Computer Networks,a) What is a computer npetwork? Explain. [2],No keyword match found,
331,Computer Networks,Write the properties of fiber optics. [3],No keyword match found,
333,Computer Networks,Explain about data link layer swritching. [3],No keyword match found,
335,Computer Networks,What is the function of network layer in the Internet? [3],No keyword match found,
336,Computer Networks,What are the elements of a Transport protocol? [2],No keyword match found,
338,Computer Networks,What is World Wide Web (WWW)? M [2],No keyword match found,
339,Computer Networks,Explain about SNMP. [3] PART – B c (50 Marks),No keyword match found,
340,Computer Networks,a) Compare and contrast the OSI and TCP/IP reference models.h,No keyword match found,
341,Computer Networks,"With a neat diagram, explain ARPANET design. - [5+5]",No keyword match found,
342,Computer Networks,a) Discuss in detail about various network software and hardware.,No keyword match found,
343,Computer Networks,Explain about various transmission media used in physical layer with a neat sketch. [5+5],No keyword match found,
344,Computer Networks,a) What are the various types of error detection methods? Discuss.,No keyword match found,
349,Computer Networks,a) Discuss about distance vector routing algorithm with an example.,"Ambiguous matches to multiple topics: Routing Algorithms, Distance Vector Routing",215|219
351,Computer Networks,How a connection is established in a Transport Protocol. Explain three protocol scenarios for establishing a connection. [10],No keyword match found,
352,Computer Networks,a) What are the services provided by transport layer to the upper layers? Explain. Ub) Write the structure of TCP pseudo header and explain how it is used in checksum calculation. [5+5],No keyword match found,
353,Computer Networks,a) e How DNS service maps domain names to IP addresses? Explain with an example.,"Ambiguous matches to multiple topics: IP Addresses, DNS",229|259
354,Computer Networks,Describe the typical elements in an audio streaming architecture. [5+5] d,No keyword match found,
357,Computer Networks,a) | Write the advantages of optical fiber over twisted-pair and coaxial cables. [2],No keyword match found,
358,Computer Networks,What are the advantages of having layered architecture? [3],No keyword match found,
360,Computer Networks,Sketch the Manchester encoding for the bit stream: 0001110101. [3],No keyword match found,
362,Computer Networks,Differences between CO and CL. [3],No keyword match found,
364,Computer Networks,What is the architecture of WWW? [2],No keyword match found,
366,Computer Networks,a) | Compare and contrast the OSI and TCP/IP reference models.,No keyword match found,
367,Computer Networks,What are the different types of error detection methods? Explain the CRC error detection technique using generator polynomial x‘+x?+1 and data 11100011. 5+5,No keyword match found,
368,Computer Networks,a) Discuss about the various transmission media available at the physical layer.,No keyword match found,
370,Computer Networks,a) Explain the differences between the switching methods.,No keyword match found,
372,Computer Networks,a) Illustrate the frame structure of IEEE 802.3.,No keyword match found,
374,Computer Networks,a) — Elucidate Distance Vector Routing Algorithm with example.,"Ambiguous matches to multiple topics: Routing Algorithms, Distance Vector Routing",215|219
376,Computer Networks,a) . 5+5 www. jntuonline.com,No keyword match found,
377,Computer Networks,"Elucidate the special IP addresses used in internet. Discuss the significance and the operation of NAT. Illustrate the connection establishment and release in transport layer. How crash recovery is managed at the transport layer? Explain Real-time transport protocol. When user clicks a hyperlink, what are the steps that occur between the user’s clic! the page being displayed? Write short notes on the following:","Ambiguous matches to multiple topics: IP Addresses, Connection Establishment, Crash Recovery",229|238|240
378,Computer Networks,MIME (b) Audio compression (c) DNS (d) Voice over ---00000--- www. jntuonline.com and [10],"Ambiguous matches to multiple topics: Electronic Mail, DNS",257|259
379,Computer Networks,"Part A is compulsory, which carries 25 marks. In Part A, Answer all questions.",No keyword match found,
380,Computer Networks,"In Part B, Answer any one question from each unit. Each question carries 10 marks U and may have a, b as sub questions. H PART – A (25 Marks)",No keyword match found,
381,Computer Networks,a) What is ARPANEUT? [2],No keyword match found,
382,Computer Networks,Write about Co-axial cable transmission media? [3] s,No keyword match found,
383,Computer Networks,What are the advantages of seliding window protocol? [3],No keyword match found,
384,Computer Networks,What is non-adaptive routing? [2],No keyword match found,
385,Computer Networks,What is meant by congestion? d [3],No keyword match found,
386,Computer Networks,What is the function of transport layer? [2],No keyword match found,
388,Computer Networks,What is the function of application layer? [2],No keyword match found,
390,Computer Networks,Explain the TCP/IP reference model. [10] OR s,No keyword match found,
391,Computer Networks,Explain about fiber optics transmission media. [10],No keyword match found,
392,Computer Networks,Explain the stop-and-wait protocol. [10],No keyword match found,
393,Computer Networks,Explain about wireless LAN. [10],No keyword match found,
398,Computer Networks,Explain the TCP transmission policy. [10],No keyword match found,
399,Computer Networks,Explain about streaming audio. [10] ---ooOoo---,No keyword match found,
400,Computer Networks,"Code No: 115DT R13 JAWAHARLAL NEHRU TECHNOLOGICAL UNIVERSITY HYDERABAD COMPUTER NETWORKS (Common to CSE, IT) PART-A (25 Marks) PART -B (50 Marks) www. jJntuonline.com ---00000---",No keyword match found,
401,Computer Networks,a) What is Internet. Daifferentiate it from intranet. [2],No keyword match found,
402,Computer Networks,Discuss the design issues of data link layer. [3],No keyword match found,
403,Computer Networks,When do we use hubs? p [2],No keyword match found,
404,Computer Networks,What are main functionalities of routers? What is purpose of using multiprotocol e routers? [3] r,No keyword match found,
407,Computer Networks,What is CIDR addressing 1 [2],"Ambiguous matches to multiple topics: CIDR, Addressing",230|237
408,Computer Networks,Discuss the principles of internetworking. [3],No keyword match found,
409,Computer Networks,What is silly window syndrome? 0 [2],No keyword match found,
411,Computer Networks,Compare and contrast OSI and TCP/IP reference models. Critique on each model. [10] OR 2,No keyword match found,
415,Computer Networks,"a) The major problem with distance vector routing algorithm is ‘count to infinity’. How exchange complete path form router to destination instead of delay, helps in solving count to infinity problem.","Ambiguous matches to multiple topics: Repeaters, Hubs, Bridges, Switches, Routers and Gateways, Routing Algorithms, Distance Vector Routing, Count to Infinity Problem",211|215|219|220
416,Computer Networks,Explain the design issues of network layer. [5+5],No keyword match found,
419,Computer Networks,How many subnets are created?,No keyword match found,
422,Computer Networks,"Ilelustrate the TCP connections, TCP releases with state transition diagram. [10] d",No keyword match found,
424,Computer Networks,a) What are the advantages of layered protocol suites? [2],No keyword match found,
425,Computer Networks,Mention the comparison of fiber optics and copper wire. [3] e,No keyword match found,
428,Computer Networks,Write short note on design issues of network layer. [2],No keyword match found,
431,Computer Networks,Mention the differences between IPv4 and IPv6. [3] -,"Ambiguous matches to multiple topics: IPv4 Protocol, IPv6 Protocol",227|228
434,Computer Networks,"Explain OSI reference models, and compare with TCP/IP reference model. [10]",No keyword match found,
436,Computer Networks,Explain the Hamming Code with an example. [4+6],No keyword match found,
438,Computer Networks,Explain about the following devices: M,No keyword match found,
442,Computer Networks,Write in detail about the Internet control message protocol. [10] u s10. How does the Remote procedure call works? Explain it. [10] 11e. Write short notes on the following:,"Ambiguous matches to multiple topics: ICMP, UDP and RPC",231|241
444,Computer Networks,a) Elaborate on the design issues of data link layer.,No keyword match found,
445,Computer Networks,Discuss about Internet standards. [8+7] P,No keyword match found,
446,Computer Networks,a) Describe the Transmission Media. What are the types of Transmission Media? a,No keyword match found,
447,Computer Networks,"What are the distinct characteristics of local area networks, explain briefly? [7+8] p",No keyword match found,
450,Computer Networks,a) What are the different cable topBologies of an Ethernet? Explain Manchester Encoding.,No keyword match found,
452,Computer Networks,a) Explain shortest path routing algorithm with an example,"Ambiguous matches to multiple topics: Routing Algorithms, Shortest Path Routing",215|217
454,Computer Networks,a) Illustrate design issues of Network layer. C,No keyword match found,
455,Computer Networks,Explain the prevention polices of congestion. [7+8] H,No keyword match found,
457,Computer Networks,Write a detailed note on transport services. [8+7],No keyword match found,
459,Computer Networks,How DNS service maps domain names to IP addresses. [8+7] - ---ooOoo--- - P M,"Ambiguous matches to multiple topics: IP Addresses, DNS",229|259
460,Computer Networks,a) WhaDt are the advantages of computer networks?,No keyword match found,
461,Computer Networks,Explain about the functionality of each layer in ISO-OSI reference model with a neat sketch. [5+10] P,No keyword match found,
463,Computer Networks,Draw and explain Internet architecture with a neat sketch. [8+7],No keyword match found,
467,Computer Networks,a) What are the design issues of Network Layer? Explain in detail.,No keyword match found,
468,Computer Networks,Define congestion. Write about congestion Scontrol policies. [7+8],No keyword match found,
469,Computer Networks,a) Explain about hierarchical routing algorithm. S,"Ambiguous matches to multiple topics: Routing Algorithms, Hierarchical Routing",215|221
470,Computer Networks,Differentiate between broadcasting and multicasting. [7+8] E,No keyword match found,
471,Computer Networks,a) Discuss about the performance issues in Transport Layer.,No keyword match found,
474,Computer Networks,Write short notes on World Wide Web. 2 [8+7] ---ooOoo---,No keyword match found,
475,Computer Networks,a) What ius the importance of layered architecture in network models? Discuss in detail.,No keyword match found,
476,Computer Networks,Differentiate between TCP/IP network model and ISO-OSI reference model. [7+8] s,No keyword match found,
477,Computer Networks,a) Discuss about Network hardware components in detail. e,No keyword match found,
479,Computer Networks,a) What are the design issues of Data Link Layer? Explain in detail.,No keyword match found,
482,Computer Networks,a) Define Routing. Explain Distance Vector Routing Algorithm with an example. e,"Ambiguous matches to multiple topics: Routing Algorithms, Distance Vector Routing",215|219
485,Computer Networks,How to achieve quality of service using leaky bucket aalgorithm. [7+8],"Ambiguous matches to multiple topics: Congestion Control Algorithms, Transport Layer Services to Upper Layers",222|235
486,Computer Networks,a) Explain connection management in transport layer. u,No keyword match found,
490,DBMS,"Part A is compulsory, which carries 25 marks. In Part A, answer all questions.",No keyword match found,
491,DBMS,"In Part B, Answer any one question from each unit. Each question carries 10 marks and may have a, b as sub questions. PART - A (25 Marks)",No keyword match found,
492,DBMS,a) What is a database? [2],No keyword match found,
493,DBMS,Quote example for aggregation in ER model. [3],No keyword match found,
494,DBMS,What is an unsafe query? [2],No keyword match found,
496,DBMS,Give example for spurious tuples. [3],No keyword match found,
497,DBMS,What are the benefits of multiple granularity? [3],No keyword match found,
499,DBMS,How does database management system provide data abstraction? Explain in detail.[10],No keyword match found,
502,DBMS,"Consider the following database schema to write queries in SQL: Employee( Eid, Ename, Ecity) Company( Cno, Cname, Ccity) Works_for(Eid, Cno, Salary)",No keyword match found,
503,DBMS,Find the employees hailing from Kolkata.,No keyword match found,
504,DBMS,Find the employees working for Wipro.,No keyword match found,
505,DBMS,Find the average salary of employees working for IBM. [3+3+4],No keyword match found,
506,DBMS,Explain the need of schema refinement in database design with suitable examples. [10],"Ambiguous matches to multiple topics: Database design, Schema refinement",352|367
507,DBMS,Make a comparison of Boyce Codd normal form and Fourth normal form. [10],"Ambiguous matches to multiple topics: BCNF, Fourth normal form",377|379
512,DBMS,"Part A is compulsory, which carries 25 marks. In Part A, answer all questions. J iii) In Part B, Answer any one question from each unit. Each question carries 10 marks and may have a, b as sub questions. PART - A N (25 Marks) T",No keyword match found,
513,DBMS,Write the purpose of DDL. List any 2 commands of DDL. [3] U,No keyword match found,
514,DBMS,What is tuple relational calculus? [2],"Ambiguous matches to multiple topics: Introduction to the Relational Model, Tuple relational calculus",349|357
515,DBMS,Write the purpose of order by in SQL with example. [3] H,No keyword match found,
519,DBMS,What is secondary indexes? [2],No keyword match found,
521,DBMS,a) List the applications of DBMS. p,No keyword match found,
524,DBMS,Write a note on views. p [5+5],No keyword match found,
529,DBMS,a) Write detailed notes on the dependency preserving decomposition.,No keyword match found,
530,DBMS,Explain fifth Normal form. [5+5],No keyword match found,
531,DBMS,a) What is concurrency control in databases? Explain Time stamp-based protocol in detail.,No keyword match found,
532,DBMS,Why we need to backup database? Discuss the remote backup systems of the DBMS. [10],No keyword match found,
533,DBMS,Elaborate on file organization of the DBMS. [10],No keyword match found,
535,DBMS,"Tech II Year II Semester Supplementary Examinations, August/September - 2022 DATABASE MANAGEMENT SYSTEMS T (Common to CSE, IT) U Answer any five questions All questions carry equal marks H ----",No keyword match found,
536,DBMS,a) Define database management systems? Differentiate file system with data base managemeUnt systems.,No keyword match found,
538,DBMS,"a) Consider the following relations Student (Std_Name,Std_Rdno,Avg_Marks,Branch) Fees (Std_Rno,Fee_Paid,Fee_D ue) Represent the following using relational algebra.","Ambiguous matches to multiple topics: Relational algebra, Aggregation operators",356|363
540,DBMS,Display the students list whose fees due in between 5000 and 10000 (from Fees Relation) p,No keyword match found,
541,DBMS,Display the Std_Name and Branch from Student Relation,No keyword match found,
543,DBMS,Describe the following terms: r,No keyword match found,
546,DBMS,a) Discuss various types of join operations with an example. g,No keyword match found,
549,DBMS,What is Boyce code normal form? Explain with a suitable example. [8+7] J,No keyword match found,
550,DBMS,a) What is deferred update recovery technique and how it used in database recovery? N,No keyword match found,
553,DBMS,Explain aggregate and comparison operators of SQL with suitable examples. [7+8] U,No keyword match found,
554,DBMS,a) Explain the different types of database end users. Discuss the main activities of each.,No keyword match found,
559,DBMS,How dHoes a query get processed in query processor? Demonstrate with an example. [7+8],No keyword match found,
560,DBMS,What is the significance of class hierarchies in ER data model? Give illustrations. [15] U,No keyword match found,
561,DBMS,a) What is a view? Discuss its role in database security. s,No keyword match found,
562,DBMS,Differentiate between tuple relational calculus with domain relational calculus. [7+8] e,"Ambiguous matches to multiple topics: Introduction to the Relational Model, Tuple relational calculus, Domain relational calculus",349|357|358
565,DBMS,Describe multi valued dependencies and the normal form associated with it. [15],No keyword match found,
566,DBMS,Discuss about the performance of locking and intention locks. [15] -,No keyword match found,
568,DBMS,Briefly discuss write ahead log protocol for recover0y. [8+7],No keyword match found,
569,DBMS,What is an index? Differentiate between sparse and dense indices. [15] - ---ooOoo--- A M,No keyword match found,
570,DBMS,a) Defi ne DBMS. Compare and contrast DBMS with file system.,No keyword match found,
571,DBMS,How does DBMS provide data abstraction? Explain with a neat diagram. [7+8] U,No keyword match found,
572,DBMS,a) Discuss about class hierarchies and constraints on them in ER Model.,No keyword match found,
573,DBMS,Construct an SER diagram for college admission systems. [8+7],No keyword match found,
574,DBMS,"Consider the followEing schema to write queries in SQL. Suppliers(sid:integer,sname:string,scity:string) Parts(pid:integer,pname:string,pcolour:string) D Catalogue(sid,pid,cost)",No keyword match found,
575,DBMS,Find the part names supplied by suppliers belonging to ‘Vijaz’.,No keyword match found,
576,DBMS,Find the names of the suppliers2 who are supplying at least two parts.,No keyword match found,
577,DBMS,Find the parts which are supplied by only ‘Mohan’.,No keyword match found,
578,DBMS,Find the suppliers who supply every blue part. -,No keyword match found,
579,DBMS,Find the suppliers who supply only blue parts. [3+3+3+3+3],No keyword match found,
582,DBMS,a) Describe the problems related to decomposition.,No keyword match found,
585,DBMS,a) Discuss pin count and dirty bit in buffer management. 0,"Ambiguous matches to multiple topics: Aggregation operators, Buffer management",363|398
586,DBMS,Explain write-ahead log protocol in detail. [8+7] A,No keyword match found,
587,DBMS,"Discuss B+ tree as indexing structure. Bulk load the B+ tree with the following records (key*) format. A page can hold only two data records. Index record can hold two keys. M 44*, 34*, 12*, 35*, 25*, 56*, 7*, 91*, 36*, 87*, 3*, 45*. [15] ---ooOoo---","Ambiguous matches to multiple topics: External Storage and Indexing, B+ Trees",400|408
588,DBMS,Write the applications of DBMS. [3],No keyword match found,
591,DBMS,What is multiple granularity locking? [3],No keyword match found,
593,DBMS,Explain the architecture of Database Management Systems with a neat diagram. [10],No keyword match found,
594,DBMS,a) What are the statements in SQL for destroying and altering tables?,No keyword match found,
596,DBMS,a) Write the aggregate operators in SQL.,No keyword match found,
597,DBMS,Write about complex integrity constraints in SQL. [5+5],"Ambiguous matches to multiple topics: Integrity constraints over relations, Complex integrity constraints in SQL",350|365
599,DBMS,Find the Sailor id’s with age over 20 and who have not reserved a red boat.,No keyword match found,
600,DBMS,Find the names of Sailors who reserved boat 103,No keyword match found,
601,DBMS,Explain tuple relational calculus. [6+4],"Ambiguous matches to multiple topics: Introduction to the Relational Model, Tuple relational calculus",349|357
602,DBMS,a) What are the problems of redundancy? Explain with example.,No keyword match found,
603,DBMS,What is the solution to the problems of redundancy? Explain. [5+5],No keyword match found,
604,DBMS,"What is normal form? Explain normalization using (1NF, 2NF, 3NF) with examples. [10]","Ambiguous matches to multiple topics: First normal form, Second normal form, Third normal form",374|375|376
605,DBMS,a) Explain the properties of transactions.,No keyword match found,
606,DBMS,What are the concurrent control mechanisms without locking? [5+5],No keyword match found,
607,DBMS,a) What is ARIES algorithm? Explain.,No keyword match found,
608,DBMS,Explain media recovery. [5+5] www.manaresults.co.in,No keyword match found,
612,DBMS,Explain about various integrity constraints in relational model. [3],"Ambiguous matches to multiple topics: Data Models, Integrity constraints over relations",340|350
613,DBMS,What are the SQL statements are used to retrieve and modify the database? [2],No keyword match found,
615,DBMS,"σ (r) ii) ∏ ( σ (rXs)) [3] B=25 A,F, C=D",No keyword match found,
617,DBMS,Define Multi valued dependencies and join dependency. [3],No keyword match found,
618,DBMS,Explain Failure with loss of nonvolatile storage. [3],No keyword match found,
621,DBMS,Give an overview of database architecture. [10],No keyword match found,
622,DBMS,a) Give an overview of database languages – DDL and DML.,No keyword match found,
623,DBMS,What are speciality databases? Explain. [5+5],No keyword match found,
625,DBMS,What aggregate operators does SQL support? Explain with examples. [5+5],No keyword match found,
627,DBMS,Explain the following Operators in SQL with examples:,No keyword match found,
629,DBMS,a) What do you mean by scheme refinement? Explain how it can be accomplished?,No keyword match found,
631,DBMS,"a) Compute the closure of the following set of functional dependencies for a relation scheme. R(A,B,C,D,E,F,G,H), F={ ABC, BDEF, ADG,AH} List the candidate keys of R.",No keyword match found,
633,DBMS,a) What is transaction? Explain the properties of transaction.,No keyword match found,
635,DBMS,a) Explain about the Multiple granularity Concurrency Control protocol.,No keyword match found,
636,DBMS,Explain about remote backup system. [5+5],No keyword match found,
637,DBMS,a) Give acomparison of various file organizations.,No keyword match found,
639,DBMS,How does Extendable hashing use a directory of buckets? How does it handles the insert and delete operations? [10] ---ooOoo---,No keyword match found,
640,DBMS,"a) Part A is compulsory which carries 25 marks. Answer all questions in Part A. Part B consists of 5 Units. Answer any one full question from each unit. Each question carries 10 marks and may have a, b, c as sub questions. PART-A (25 Marks) What are five main functions of a database administrator? 2 List and explain the database system applications. 3 Define a trigger. What are the differences between row level and statement level triggers? 2 How are queries expressed in SQL? 3 List the benefits of BCNF and 3NF. 2 Write the Properties of Decompositions. 3 Why is recoverability of schedules desirable? 2 Suppose that there is a database system that never fails. Is a recovery manager required for this system? 3 How is data organized in a hash based index? 2 Give a brief note on Static Hashing. 3 PART -B (50 Marks) What is a partial key? How is it represented in ER diagram? Give an example. Define query. Explain the data manipulation language in detail. 5+5] Explain how to build ER model for university with entities department, instructor, student, and class. Instructors and students belong to one department only. Instructors and students related to a class with many to many relations. Assume suitable attributes. Explain how the ER model can be translated to relations. List and explain the design issues of entity relationship. [5+5] Consider the following schema instructor (ID, name, dept_name), teaches (ID, course_id, sec_id, semester, year), section (course_id, sec_id, semester, year), student (ID, name, dept_name), takes (ID, course_id, sec_id, semester, year, grade) Write the following queries in SQL","Ambiguous matches to multiple topics: Database System Applications, Database design and ER diagrams, Triggers and active databases, Decompositions and associated problems, Third normal form, BCNF, Recoverability, Static Hashing",338|344|366|369|376|377|388|409
641,DBMS,Find the names of the students not registered in any section,No keyword match found,
642,DBMS,Find the names of the instructors not teaching any course,No keyword match found,
643,DBMS,Find the total number of courses taught department wise,No keyword match found,
644,DBMS,Find the total Wuitber of dciived sMUIar wore [10] S,No keyword match found,
645,DBMS,Make a comparison between the tuple relational calculus and domain re calculus. What are nested queries? What is correlation in nested queries? Explain. Discuss how schema refinement through dependency analysis and norma! can improve schemas obtained through ER design. F when it is in INF? Explain. Discuss about log based recovery with immediate update and deferred with suitable examples. ational 5+5] lization Why is a table whose primary key consists of a single attribute automatically in,"Ambiguous matches to multiple topics: Introduction to the Relational Model, Integrity constraints over relations, Tuple relational calculus, Nested queries, Schema refinement, Log-based recovery",349|350|357|362|367|395
646,DBMS,"update When a transaction is rolled back under timestamp ordering, it is assigned a new timestamp. Why can it not simply keep its old timestamp? Give a brief note on Indexed Sequential Access Methods. Make a comparison between the primary index and a secondary index. Where does a DBMS store persistent data? How does it bring data int 545] oO main memory for processing? What DBMS component reads and writes data from main memory, and what is the unit of I/O? ---00000--- www.jntuonline.com","Ambiguous matches to multiple topics: Concurrency control by timestamps, Primary Index, Secondary Index, ISAM",393|404|405|407
647,DBMS,a) Discuss about DDL. 2],No keyword match found,
648,DBMS,Write brief notes on altering tables and views. 3],No keyword match found,
649,DBMS,Describe about outer join. 2),No keyword match found,
652,DBMS,Describe the inclusion dependencies. 3],No keyword match found,
654,DBMS,What is meant by remote backup system? 3],No keyword match found,
655,DBMS,Discuss about primary indexes. 2],No keyword match found,
658,DBMS,State and explain various features of E-R Models. 0,No keyword match found,
659,DBMS,Explain Tuple relational calculus. 0,"Ambiguous matches to multiple topics: Introduction to the Relational Model, Tuple relational calculus",349|357
662,DBMS,Explain fourth normal form and BCNF. 0,"Ambiguous matches to multiple topics: BCNF, Fourth normal form",377|379
663,DBMS,What is meant by concurrency control? 0,No keyword match found,
664,DBMS,Discuss about failure with loss of nonvolatile storage. 0,No keyword match found,
666,DBMS,What are the indexed data structures? Explain any one of them. 0 www. jJntuonline.com --00000--,No keyword match found,
