chunk_id,chunk_text,subject,correct_topic_id,correct_topic_name
93,a) Define an operating system.,Operating Systems,142,Operating System Introduction
94,What are system calls in an operating system?,Operating Systems,151,Operating System Services
95,What are the main criteria used to evaluate CPU scheduling algorithms?,Operating Systems,157,Scheduling Algorithms
96,"Once a deadlock is detected, what are the options for recovery?",Operating Systems,164,Deadlock Detection and Recovery
97,What is Interprocess Communication (IPC)?,Operating Systems,154,Cooperating Processes
98,What is swapping in memory management?,Operating Systems,176,Logical Versus Physical Address Space
99,What is the structure and role of a page table?,Operating Systems,178,Virtual Address Space
100,What are the different file allocation methods?,Operating Systems,185,File Allocation Methods
101,Define the syntax of read() system call. PART – B (50 Marks),Operating Systems,187,System Calls for File I/O Operations
102,Describe the structure and working of a Simple Batch Operating System. How does it improve CPU util ization?,Operating Systems,143,Simple Batch Systems
103,What services does an operating system provide to users and applications? Explain each with an exa mple.,Operating Systems,151,Operating System Services
104,Describe the Shortest Job First (SJF) scheduling algorithm. How does preemptive SJF (Shortest Remaining Time First) differ from non-preemptive SJF?,Operating Systems,157,Scheduling Algorithms
105,Explain the system model used for deadlock analysis. What are the necessary conditions for a deadlock to occur?,Operating Systems,160,Deadlock Characterization
106,Explain how semaphores can be used to solve the critical section problem. Provide a producer-consumer example using semaphores.,Operating Systems,167,Semaphores
107,Explain shared memory as an IPC mechanism. What are the benefits and challenges of using shared memory?,Operating Systems,175,Shared Memory
108,Explain the FIFO (First-In-First-Out) page replacement algorithm. What is Belady's anomaly?,Operating Systems,178,Virtual Address Space
109,What is paging in memory management? Describe how logical addresses are translated into physical addresses in paging.,Operating Systems,176,Logical Versus Physical Address Space
110,What is file protection in operating systems? Describe the different access control mechanisms.,Operating Systems,183,File Protection
111,Describe the logical and physical structure of a file system. How are files organized on secondary stor age? ---ooOoo---,Operating Systems,184,File System Structure
116,a) What is a hard real time system? [2],Operating Systems,149,Real-Time Systems
117,What is symmetric multiprocessor system? List out its characteristics. [3],Operating Systems,147,Parallel Systems
118,Why do processes need to communicate? [2],Operating Systems,154,Cooperating Processes
119,What is the use of waitpid() system call? [3],Operating Systems,151,Operating System Services
120,What is a binary semaphore? [2],Operating Systems,167,Semaphores
122,What is internal fragmentation? [2],Operating Systems,176,Logical Versus Physical Address Space
123,Distinguish between logical address and physical address. [3],Operating Systems,176,Logical Versus Physical Address Space
124,What is a bit vector? [2],Operating Systems,184,File System Structure
125,Explain acyclic graph directory structure. [3] PART – B (50 Marks),Operating Systems,182,Directory Structure
126,a) Distinguish between parallel and distributed systems.,Operating Systems,148,Distributed Systems
127,Write down the features of multi programmed and Time shared systems. [5+5],Operating Systems,144,Multi-programmed Systems
128,a) Summarize the evolution of Operating system in detail.,Operating Systems,142,Operating System Introduction
129,Write down the services provided by an operating systems with respect to device management. [5+5],Operating Systems,187,System Calls for File I/O Operations
131,Explain the preemptive and non-preemptive scheduling criteria. [5+5],Operating Systems,156,Scheduling Criteria
133,Briefly discuss about various operations performed on processes. [6+4],Operating Systems,153,Operations on Processes
134,What is a deadlock? Explain various deadlock prevention strategies with brief illustrations. [10],Operating Systems,162,Deadlock Prevention
135,What is process synchronization? How can it be achieved through monitors? Explain. [10],Operating Systems,170,Monitors
136,"Simulate FIFO, LRU and optimal page replacement algorithms on the following reference string and find number of page faults(number of frames = 4) 1,2,3,2,1,2,3,4,5,6,7,3,4,5,6,3 [10]",Operating Systems,178,Virtual Address Space
137,Explain segmentation memory management scheme with neat diagrams. [10],Operating Systems,176,Logical Versus Physical Address Space
138,List and explain various file allocation methods with their relative merits and demerits. [10],Operating Systems,185,File Allocation Methods
139,a) How file protection is achieved by operating system?,Operating Systems,183,File Protection
140,"Explain about lseek(), open() and read() system calls. [4+6] ---ooOoo---",Operating Systems,187,System Calls for File I/O Operations
145,a) Define the essential properties of parallel operating systems. [2],Operating Systems,147,Parallel Systems
146,How does multiprogramsming increase CPU utilization? [3],Operating Systems,144,Multi-programmed Systems
147,Write about wait command. [2] e,Operating Systems,153,Operations on Processes
148,How does priority scheduling differ from round robin method? [3],Operating Systems,157,Scheduling Algorithms
149,What is a message queues? [2] d,Operating Systems,174,Message Queues
150,Give an example of the situation describing deadlock. [3],Operating Systems,160,Deadlock Characterization
151,What is the purpose of paging the page tpables? [3],Operating Systems,178,Virtual Address Space
153,List down various file attributes. [3] p PART – B e (50 Marks) r,Operating Systems,181,File System Interface and Access Methods
154,"a) In a multiprogramming and time-sharing environment, several users share the system s simultaneously. This situation can result in various security problems. What are two such problems?",Operating Systems,144,Multi-programmed Systems
155,Can we ensure the same degree of security in a time-shared machine as in a dedicated machine? Explain your answer. [5+5] OR 0,Operating Systems,145,Time-shared Systems
157,Distinguish between the client–server and peer-to-peer models of distributed systems. [5+5],Operating Systems,148,Distributed Systems
159,Can a multithreaded solution using multiple user-level threads achieve better performance on a multiprocessor system than on a single-processor system? [5+5],Operating Systems,147,Parallel Systems
160,a) Describe the actions taken by a thread library to context switch between user-level threads.,Operating Systems,155,Threads
162,a) Demonstrate that monitors and semaphores are equivalent as they can be used to implement the same types of synchronization problems. Jb) What is critical-section problem? Give a classic Peterson’s solution to the critical- section problem. [5+5] N OR,Operating Systems,167,Semaphores
165,Explain the concept of Least Recently Used memory page replacement method and how it is different from sFirst In First Out (FIFO) page replacement method. [10] e,Operating Systems,178,Virtual Address Space
171,a) ExplaiUn about time-sharing operating systems.,Operating Systems,145,Time-shared Systems
172,Define real time system. Explain about real time operating system. [7+8] s,Operating Systems,149,Real-Time Systems
173,a) Briefly explain abeout system calls.,Operating Systems,151,Operating System Services
174,Explain about the system components of OS. [9+6] d,Operating Systems,150,System Components
176,Explain about shortest Job First Scheduling algorithm with an example. [7+8] p,Operating Systems,157,Scheduling Algorithms
177,a) Describe Round Robin scheduling aalgorithm with example.,Operating Systems,157,Scheduling Algorithms
178,Explain about fork and exit system calls with examples. [8+7] p,Operating Systems,151,Operating System Services
180,Explain about deadlock detection. [7+8] r,Operating Systems,164,Deadlock Detection and Recovery
181,a) Describe IPC between processes on a single computer system.,Operating Systems,154,Cooperating Processes
182,Discuss about implementation of Semaphores. [7+8] A,Operating Systems,167,Semaphores
183,a) Describe basic method of segmentation. u,Operating Systems,176,Logical Versus Physical Address Space
184,Explain about performance of demand paging. [8+7] g,Operating Systems,178,Virtual Address Space
188,"Differentiate between Multi Programming, Multi Tasking and Multi processing systems. H [8+7]",Operating Systems,144,Multi-programmed Systems
189,Consider the following five processes with the length of the CPU burst time in U milliseconds. Process sBurst Time Priority P1 10 3 e P2 1 1 P3 2 d3 P4 1 4 P5 5 2 Processes are assumed to have arrived at time 0. For the above set of processes find the average waiting time and average turn around time - for each of the following scheduling algorithm using Gantt chart. Consider 1 is highest priority:,Operating Systems,157,Scheduling Algorithms
190,SJF b) Non Preemptive Priority [7+8],Operating Systems,157,Scheduling Algorithms
191,What is Deadlock? List the condition that leads to deadlo-ck. How deadlock can be prevented. [15],Operating Systems,160,Deadlock Characterization
192,a) Distinguish between logical verses physical address space.,Operating Systems,176,Logical Versus Physical Address Space
193,Explain about Virtual Memory Management in detail. [7+8],Operating Systems,178,Virtual Address Space
194,Describe about the different types of File allocation methods. [15] A,Operating Systems,185,File Allocation Methods
196,Write short note on Real Time Operating Systems. [M8+7],Operating Systems,149,Real-Time Systems
197,a) What is Demand paging? Explain.,Operating Systems,178,Virtual Address Space
198,Discuss about segmentation with an example. [7+8],Operating Systems,176,Logical Versus Physical Address Space
199,What is Mutual exclusion? Explain Peterson’s solution for mutual exclusion problem. [15] ---ooOoo---,Operating Systems,160,Deadlock Characterization
202,List out the types of operating system and explain batch OS and time sharing OS in brief. [15] U,Operating Systems,145,Time-shared Systems
203,"Explain about the system calls fork, exit, wait, waitpid and exec. [15] S",Operating Systems,151,Operating System Services
204,What is Semaphore? Give the implementation of Bounded Buffer Producer Consumer Problem using Semaphore. [15] E,Operating Systems,167,Semaphores
205,Explain the swapping in memory management. [15] D,Operating Systems,176,Logical Versus Physical Address Space
207,Explain about lseek( ) and stat( ) system calls. [7+8],Operating Systems,187,System Calls for File I/O Operations
208,a) Explain about the distributed operating1 system in brief.,Operating Systems,148,Distributed Systems
209,Explain the various system calls are used in -OS. [7+8],Operating Systems,151,Operating System Services
210,"Consider the following set of processes, with the length of the CPU burst given in milliseconds: Process Burst Time Priority - P1 27 5 P2 12 1 2 P3 37 2 P4 19 4 0 P5 10 3 The processes are assumed to have arrived in the order P1, P2, P3, P4, P5 all at time 0. Draw the Gantt charts that illustrate the execution of these processes using the following scheduling algorithms: FCFS, SJF and Priority. Also determine the average waiting time and average turnaround time for each of the algorithms. [15] P",Operating Systems,149,Real-Time Systems
211,a) Explain contiguous and linked file allocation methods.,Operating Systems,185,File Allocation Methods
217,What are the disadvEantages of semaphore. [2],Operating Systems,167,Semaphores
218,What is a critical section? Give example. [3],Operating Systems,165,Critical Section Problem
219,Compare internal and external fragmentation. [2] D,Operating Systems,176,Logical Versus Physical Address Space
223,"Explain safe, unsafe and deadlock state process. [2]",Operating Systems,160,Deadlock Characterization
224,What are the conditions used in Banker’s algorithm? [3] PART – B (50 Marks),Operating Systems,163,Deadlock Avoidance
225,a) Explain different categories of system calls with sui5table example.,Operating Systems,151,Operating System Services
227,a) Explain features of Distributed Operating System.,Operating Systems,148,Distributed Systems
229,a) Explain FIFO and Round Robbin CPU scheduling algorithm. Why do we need?,Operating Systems,178,Virtual Address Space
231,a) What are the criteria for evaluating the CPU scheduling algorithm? A,Operating Systems,157,Scheduling Algorithms
232,What is a process? Explain Process Control Block. [5+5] M 6a) What is virtual memory? Discuss the benefits of virtual memory techniques.,Operating Systems,178,Virtual Address Space
234,"a) Consider the following page reference string 1,2,3,4,2,1,5,6,2,1,2,3,7,6,3,2,1,2,3,6 Determine how many page faults would occur for Optimal page replacement algorithm. Assume three frames are initially empty.",Operating Systems,178,Virtual Address Space
235,Discuss the procedure for page fault in demand paging. [5+5],Operating Systems,178,Virtual Address Space
237,Discuss the indexed file allocation method with an example. [5+5] N,Operating Systems,185,File Allocation Methods
240,a) Explain deadlock detection algorithm with an example.,Operating Systems,164,Deadlock Detection and Recovery
241,Explain the technique used to prevent the deadlock. [5+5] H OR,Operating Systems,160,Deadlock Characterization
242,a) Explain about deadlock conditions and Banker’s algorithm in detail.,Operating Systems,163,Deadlock Avoidance
248,What are the requirements of Critical section problem? [3] E,Operating Systems,165,Critical Section Problem
249,What is Demand Paging? [2],Operating Systems,178,Virtual Address Space
250,Distinguish between logical and physical address space. [3],Operating Systems,176,Logical Versus Physical Address Space
254,Explain how to eliminate the deadlocks using resource preemption. [3] PART-B (50 Marks),Operating Systems,160,Deadlock Characterization
256,a) What is operating system? Explain multiprogramming and time sharing systems.,Operating Systems,144,Multi-programmed Systems
259,What is Semaphore? How can we achieve the synchronization 0using semaphore for producer consumer problem? [5+5] OR 1,Operating Systems,167,Semaphores
260,a) Discuss the Peterson’s solution for the race condition with algorithm.,Operating Systems,165,Critical Section Problem
261,"What is the average waiting time and average turn around times of all processes for FCFS, SJF algorithm? [5+5] A Precesses Burst Time Priority P1 10 3 P2 1 1 M P3 2 3 P4 1 4 P5 5 2",Operating Systems,157,Scheduling Algorithms
262,"a) Consider the following page reference string J 1,2,3,4,5,3,4,1,6,7,8,7,8,9,7,8,9,5,4,5,4,2 With four Frames. How many page faults would occur for the FIFO, Optimal page N replacement algorithms? Which algorithm is efficient? (Assume all frame are initially empty) T b) What is Thrashing? Explain the Causes of Thrashing. [5+5]",Operating Systems,178,Virtual Address Space
263,"a) Consider the following reference string 7,0,1,2,0,3,0,4,2,3,0,3,2,1,2,0,1,7,0,1. H Assume there are three frames. Apply LRU replacement algorithm to the reference sting above and find out how many page faults are produced. Illustrate the LRU page replacement algorithm in detail and also two feasible implementation of the LRU algorithm.",Operating Systems,178,Virtual Address Space
264,Explain about Swapping. [5+5] S,Operating Systems,176,Logical Versus Physical Address Space
265,"a) Suppose that a disk drive has 5000 cylinders numbered 0 to 4999. The drive is currently E serving a request at cylinder 143. The queue of pending requests in FIFO order 86,1470,913,1774,948,1509, 1022, 1750, 130 starting from current head position. What is the total distance that disk aDrm moves to satisfy all the pending request for FCFS and SSTF disk scheduling algorithm.",Operating Systems,178,Virtual Address Space
266,Explain about the system call for File operations. [5+5],Operating Systems,187,System Calls for File I/O Operations
267,Explain the following disk scheduling algo0rithm with proper diagram,Operating Systems,188,Disk Scheduling Algorithms FCFS SSTF SCAN C-SCAN
269,Explain about the bankers algorithm for deadlock avoidance. [5+5] OR 0,Operating Systems,163,Deadlock Avoidance
271,What is deadlock? Explain the conditions that lead to deadlock. [5+5] ---ooOoo--- A M,Operating Systems,160,Deadlock Characterization
275,Define Real time operating systems. [3],Operating Systems,149,Real-Time Systems
278,Describe about hashed page table. [2],Operating Systems,178,Virtual Address Space
279,| What do you mean by external fragmentation? [3],Operating Systems,176,Logical Versus Physical Address Space
280,Describe about File Allocation Table. [2],Operating Systems,185,File Allocation Methods
281,Mention two important functions of Virtual File System. (VFS) Layer. [3],Operating Systems,184,File System Structure
283,List the necessary conditions to occur the Deadlock. [3] PART -B (50 Marks),Operating Systems,160,Deadlock Characterization
289,"By illustrating the structure of process P1, explain the Petersons solution to critical section problem. 5+5",Operating Systems,165,Critical Section Problem
290,a) Discuss in detail about the Dining —Philosophers solution using monitors.,Operating Systems,170,Monitors
291,Illustrate the semaphore functions with examples. 5+5 www. jntuonline.com,Operating Systems,167,Semaphores
292,Perform optimal page replacement on the following reference string: page replacement? utilization in case of thrashing. Explain how best fit allocation scheme minimized the fragment size? What are the disadvantages of single contiguous memory allocation? Explain. Explain and compare the FCFS and SSTF disk scheduling algorithms. Illustrate the following terms with examples.,Operating Systems,178,Virtual Address Space
293,"Bit vector ) Swap space management. Describe in detail the implementation methods of Access matrix. avoidance algorithm in detail. ---00000--- www. jntuonline.com -7,0,1,2,0,3,0,4,2,3,0,3,2,1,2,0,1,7,0,1 find number of page faults and define optimal Define thrashing? Explain its causes and write any two solutions to increase CPU What is fragment? Explain the difference between internal and external fragments. How does deadlock avoidance differ from deadlock prevention? Write about deadlock [10 [10",Operating Systems,163,Deadlock Avoidance
297,"What is a monitor? Explain how dinning philosopher’s problem is solved using monitors with example pseudo code. [10] Explain the common techniques for structuring the page table. [10] Consider a swap ing system in which memory consists of the following hole sizes in memory order: KB, 4 KB, 20 KB, 18 KB, 7 KB, 9 KB, 12 KB, and [5 KB. Which ole is taken for successive segment requests of: (i) 12 KB (ii) 10 KB (iii) 9 KB for first fit, best fit, worst fit, and next fit approaches. Explain briefly about LFU Page replacement algorithm. [5+5] Explain the following with relevant diagrams:",Operating Systems,178,Virtual Address Space
298,Two level directory structure. )) Acyclic-graph directory structure. [5+5] Explain any two methods used to protect user files with examples. Discuss the log structured file system implementation. [5+5] Consider the following snapshot of a system: Processes Allocation Max Available ABCD ABCD ABCD PO 0012 0012 2100 Pl 2000 2750 P2 0034 6656 P3 2345 4356 P4 0332 0652 Answer the following questions using the banker’s algorithm:,Operating Systems,163,Deadlock Avoidance
301,Is the system currently deadlocked? Why or why not?,Operating Systems,160,Deadlock Characterization
302,"Which process, if any, or may become deadlocked if this whole request is granted immediately? [2+3+2+3] In the capability-based system, describe the techniques, which can be used to protect the capabilities from unauthorized modification. [10] ---00000--- www. jJntuonline.com",Operating Systems,160,Deadlock Characterization
305,List out the two sub layers of data link layer.,Computer Networks,197,Data Link Layer Design Issues
306,What is the purpose of Aloha protocols?,Computer Networks,202,ALOHA
307,What is channel allocation problem?,Computer Networks,201,Multi Access Protocols
308,Define congestion in a network.,Computer Networks,222,Congestion Control Algorithms
311,Explain in detail about TCP/IP network reference model with neat diagram.,Computer Networks,191,TCP/IP Protocol Suite
312,a) Describe the functionalities provided by data link layer.,Computer Networks,197,Data Link Layer Design Issues
314,Describe sliding window protocol using selective repeat mechanism.,Computer Networks,200,Sliding Window Protocol
315,Explain the concept of data link layer switching in detail.,Computer Networks,207,Data Link Layer Switching
317,Explain congestion control mechanisms at network layer.,Computer Networks,222,Congestion Control Algorithms
318,a) Describe the multicast routing in detail.,Computer Networks,215,Routing Algorithms
324,a) Explain in detail about HTTP operation.,Computer Networks,255,HTTP
325,Summarize the functions performed by DNS.,Computer Networks,259,DNS
326,"a) Describe the message format, message transfer and the underlying protocol involved in the working of the electronic mail.",Computer Networks,257,Electronic Mail
333,Explain about data link layer swritching. [3],Computer Networks,197,Data Link Layer Design Issues
334,What is Flooding? Explain. [2],Computer Networks,218,Flooding
340,a) Compare and contrast the OSI and TCP/IP reference models.h,Computer Networks,194,Comparison of OSI and TCP/IP Reference Model
345,Explain how slotted ALOHA solves the problem of Channel allocation. [5+5],Computer Networks,201,Multi Access Protocols
346,a) Explain one -bit sliding window protocol. Give the advantages and disadvantages of one-bit sliding window protocol.,Computer Networks,200,Sliding Window Protocol
347,Discuss about Carrier Sense Multiple Access (CSMA) protocols in brief. [5+5],Computer Networks,203,CSMA
348,"With an example, explain shortest path routing technique. [10]",Computer Networks,217,Shortest Path Routing
349,a) Discuss about distance vector routing algorithm with an example.,Computer Networks,219,Distance Vector Routing
350,Explain the general principles of congestion control algorithms. [5+5],Computer Networks,222,Congestion Control Algorithms
353,a) e How DNS service maps domain names to IP addresses? Explain with an example.,Computer Networks,229,IP Addresses
355,"a) With neat sketch, explain the architecture, services and message format of Electronic Mail. P",Computer Networks,257,Electronic Mail
356,What is DNS? What resource records are associated with it? Explain. [5+5] p ---ooOoo--- e M c h -,Computer Networks,259,DNS
361,Give the advantages of hierarchical routing. [2],Computer Networks,221,Hierarchical Routing
366,a) | Compare and contrast the OSI and TCP/IP reference models.,Computer Networks,194,Comparison of OSI and TCP/IP Reference Model
367,What are the different types of error detection methods? Explain the CRC error detection technique using generator polynomial x‘+x?+1 and data 11100011. 5+5,Computer Networks,198,CRC Codes
369,Explain about GBN Sliding Window Protocol. 5+5,Computer Networks,200,Sliding Window Protocol
371,— Elucidate the CSMA schemes. 5+5,Computer Networks,203,CSMA
373,Give a detail note on the ALOHA protocols. 5+5,Computer Networks,202,ALOHA
374,a) — Elucidate Distance Vector Routing Algorithm with example.,Computer Networks,219,Distance Vector Routing
375,Describe the problem and solutions associated with distance vector routing. 5+5,Computer Networks,219,Distance Vector Routing
377,"Elucidate the special IP addresses used in internet. Discuss the significance and the operation of NAT. Illustrate the connection establishment and release in transport layer. How crash recovery is managed at the transport layer? Explain Real-time transport protocol. When user clicks a hyperlink, what are the steps that occur between the user’s clic! the page being displayed? Write short notes on the following:",Computer Networks,229,IP Addresses
378,MIME (b) Audio compression (c) DNS (d) Voice over ---00000--- www. jntuonline.com and [10],Computer Networks,259,DNS
384,What is non-adaptive routing? [2],Computer Networks,215,Routing Algorithms
385,What is meant by congestion? d [3],Computer Networks,222,Congestion Control Algorithms
389,What is DNS? a [3] PART – B p (50 Marks) e r,Computer Networks,259,DNS
390,Explain the TCP/IP reference model. [10] OR s,Computer Networks,191,TCP/IP Protocol Suite
394,Explain the shortest-path routing algorithm. [10] OR 3,Computer Networks,215,Routing Algorithms
395,a) Explain the IPV4 header.,Computer Networks,229,IP Addresses
396,What is packet fragmentation? [5+5],Computer Networks,226,Packet Fragmentation
402,Discuss the design issues of data link layer. [3],Computer Networks,197,Data Link Layer Design Issues
405,What is optimality principle? [2],Computer Networks,216,Optimality Principle
406,Discuss congestion control algorithms on brief. [3],Computer Networks,222,Congestion Control Algorithms
407,What is CIDR addressing 1 [2],Computer Networks,229,IP Addresses
411,Compare and contrast OSI and TCP/IP reference models. Critique on each model. [10] OR 2,Computer Networks,194,Comparison of OSI and TCP/IP Reference Model
412,a) Explain sliding window protocol.,Computer Networks,200,Sliding Window Protocol
414,Define collision. Explain collision free protocols. Mention advantage of each protocol. 8 [10],Computer Networks,204,Collision Free Protocols
415,"a) The major problem with distance vector routing algorithm is ‘count to infinity’. How exchange complete path form router to destination instead of delay, helps in solving count to infinity problem.",Computer Networks,219,Distance Vector Routing
417,Discuss the hierarchical routing with examples. [10],Computer Networks,221,Hierarchical Routing
421,Explain Tunneling in Internet layer. [5+5] s,Computer Networks,224,Tunneling
423,Describe DNS with diagrams and real-time examples. [10] a ---ooOoo--- e r,Computer Networks,259,DNS
426,Define Gigabit Ethernet. [2] r,Computer Networks,206,Ethernet MAC Sublayer
429,What are the approaches to appl0y on the congestion control? [3],Computer Networks,222,Congestion Control Algorithms
430,What is meant by Internetwork routing? [2],Computer Networks,215,Routing Algorithms
431,Mention the differences between IPv4 and IPv6. [3] -,Computer Networks,229,IP Addresses
432,Write short notes on TELNET. [2],Computer Networks,258,TELNET
434,"Explain OSI reference models, and compare with TCP/IP reference model. [10]",Computer Networks,194,Comparison of OSI and TCP/IP Reference Model
435,a) Explain sliding window protocol with an illustration. 1,Computer Networks,200,Sliding Window Protocol
437,Ethernet MAC sub layer protocol. P,Computer Networks,206,Ethernet MAC Sublayer
439,Write in detail about Link-state routing algorithm and mention its advantages and disadvantages. [10],Computer Networks,215,Routing Algorithms
440,What are the principles of congestion control? Explain it with virtual circuit subnets. [10],Computer Networks,222,Congestion Control Algorithms
443,DNS. [5+5] a ---ooOoo--- e r - P M,Computer Networks,259,DNS
444,a) Elaborate on the design issues of data link layer.,Computer Networks,197,Data Link Layer Design Issues
448,a) Write about CSMA and CSMA/CD in detail.,Computer Networks,203,CSMA
449,What is Carrier Sensee Multiple Access? Explain about the different approaches of CSMA. r [7+8],Computer Networks,203,CSMA
450,a) What are the different cable topBologies of an Ethernet? Explain Manchester Encoding.,Computer Networks,206,Ethernet MAC Sublayer
452,a) Explain shortest path routing algorithm with an example,Computer Networks,217,Shortest Path Routing
453,Discuss the Optimality Principle with a suiEtable example. [7+8],Computer Networks,216,Optimality Principle
455,Explain the prevention polices of congestion. [7+8] H,Computer Networks,222,Congestion Control Algorithms
456,a) What is the format of IPv4 header? Describe the significance of each field. -,Computer Networks,229,IP Addresses
458,a) Discuss in detail about the connection establishment and release in TCP.,Computer Networks,238,Connection Establishment
459,How DNS service maps domain names to IP addresses. [8+7] - ---ooOoo--- - P M,Computer Networks,229,IP Addresses
461,Explain about the functionality of each layer in ISO-OSI reference model with a neat sketch. [5+10] P,Computer Networks,194,Comparison of OSI and TCP/IP Reference Model
464,What is framing? ExplainP various framing techniques of Data Link Layer. [15],Computer Networks,197,Data Link Layer Design Issues
465,a) Compare and contrast Pure ALEOHA and Slotted ALOHA channel allocation Methods.,Computer Networks,201,Multi Access Protocols
468,Define congestion. Write about congestion Scontrol policies. [7+8],Computer Networks,222,Congestion Control Algorithms
469,a) Explain about hierarchical routing algorithm. S,Computer Networks,221,Hierarchical Routing
473,a) What is DNS? Explain the architecture of DNS Servers in Internet.,Computer Networks,259,DNS
476,Differentiate between TCP/IP network model and ISO-OSI reference model. [7+8] s,Computer Networks,194,Comparison of OSI and TCP/IP Reference Model
479,a) What are the design issues of Data Link Layer? Explain in detail.,Computer Networks,197,Data Link Layer Design Issues
480,Compare and contrast CSMA/CD and CSMA/CA for channel allocation. [7+8] p,Computer Networks,201,Multi Access Protocols
481,What are various types of Error Daetection methods? Explain about Cyclic Redundancy Check Error Detection Method with suitable example. [15] p,Computer Networks,198,CRC Codes
482,a) Define Routing. Explain Distance Vector Routing Algorithm with an example. e,Computer Networks,219,Distance Vector Routing
483,What are the advantages and limitations of flooding? [9+6] r,Computer Networks,218,Flooding
484,a) Describe link state vector routing algorithm example.,Computer Networks,215,Routing Algorithms
489,Discuss about HTTP request and response mechanisms. [8+7] ---ooOoo---,Computer Networks,255,HTTP
493,Quote example for aggregation in ER model. [3],DBMS,347,Additional features of the ER model
494,What is an unsafe query? [2],DBMS,357,Tuple relational calculus
496,Give example for spurious tuples. [3],DBMS,368,Problems caused by redundancy
497,What are the benefits of multiple granularity? [3],DBMS,392,Locking systems with several lock modes
498,What is static hashing? [3] PART - B (50 Marks),DBMS,409,Static Hashing
499,How does database management system provide data abstraction? Explain in detail.[10],DBMS,341,Levels of abstraction in a DBMS
501,Illustrate all primitive operators available in Relational Algebra for data accessing. [10],DBMS,356,Relational algebra
502,"Consider the following database schema to write queries in SQL: Employee( Eid, Ename, Ecity) Company( Cno, Cname, Ccity) Works_for(Eid, Cno, Salary)",DBMS,359,SQL Queries
503,Find the employees hailing from Kolkata.,DBMS,359,SQL Queries
504,Find the employees working for Wipro.,DBMS,359,SQL Queries
505,Find the average salary of employees working for IBM. [3+3+4],DBMS,359,SQL Queries
506,Explain the need of schema refinement in database design with suitable examples. [10],DBMS,344,Database design and ER diagrams
507,Make a comparison of Boyce Codd normal form and Fourth normal form. [10],DBMS,377,BCNF
508,Discuss the concept of serializability with suitable schedules. [10],DBMS,387,Serializability
509,Demonstrate the working of validation based protocol. [10],DBMS,394,Validation
514,What is tuple relational calculus? [2],DBMS,357,Tuple relational calculus
517,Define transaction in DBMS.u [2],DBMS,381,Transaction concept
518,Explain serializability in databases [3] s,DBMS,387,Serializability
519,What is secondary indexes? [2],DBMS,405,Secondary Index
521,a) List the applications of DBMS. p,DBMS,338,Database System Applications
522,Explain various data models. [5+5] a,DBMS,340,Data Models
524,Write a note on views. p [5+5],DBMS,354,Introduction to views
525,a) Explain about the set comparison operators used in SQL queries weith example.,DBMS,359,SQL Queries
526,How to perform comparison using NULL values? Explain. r [5+5] s,DBMS,364,NULL values
527,Elaborate on joins in SQL queries with example. [10],DBMS,359,SQL Queries
528,Discuss Multi-valued dependency and Fourth Normal form with suitable example.[10],DBMS,379,Fourth normal form
529,a) Write detailed notes on the dependency preserving decomposition.,DBMS,369,Decompositions and associated problems
530,Explain fifth Normal form. [5+5],DBMS,374,First normal form
531,a) What is concurrency control in databases? Explain Time stamp-based protocol in detail.,DBMS,393,Concurrency control by timestamps
532,Why we need to backup database? Discuss the remote backup systems of the DBMS. [10],DBMS,399,Failure with loss of non-volatile storage
533,Elaborate on file organization of the DBMS. [10],DBMS,400,External Storage and Indexing
536,a) Define database management systems? Differentiate file system with data base managemeUnt systems.,DBMS,338,Database System Applications
537,Draw an ER diagram for banking system taking into account at least four entities and s use appropriate keys and constraints. [7+8],DBMS,344,Database design and ER diagrams
538,"a) Consider the following relations Student (Std_Name,Std_Rdno,Avg_Marks,Branch) Fees (Std_Rno,Fee_Paid,Fee_D ue) Represent the following using relational algebra.",DBMS,356,Relational algebra
540,Display the students list whose fees due in between 5000 and 10000 (from Fees Relation) p,DBMS,359,SQL Queries
544,Symbols used in relational algebra A,DBMS,356,Relational algebra
545,Domain relational calculus. [8+7] u,DBMS,358,Domain relational calculus
546,a) Discuss various types of join operations with an example. g,DBMS,356,Relational algebra
548,"a) Write the advantages and disadvantages of normalization. Explain first no2rmal form with a suitable example. Check whether the following Student relation is in first normal form or not, if not convert into First normal Form. Name Rno Address Mobile Nos Sam 12 Texas, 9XXXXXXX 2 USA 8XXXXXXX Alice 14 Chicago, 7XXXXXXX USA 6XXXXXXX",DBMS,374,First normal form
549,What is Boyce code normal form? Explain with a suitable example. [8+7] J,DBMS,374,First normal form
550,a) What is deferred update recovery technique and how it used in database recovery? N,DBMS,395,Log-based recovery
552,a) What is two phase locking? Describe with the help of a suitable example.,DBMS,391,Serializability by locks
553,Explain aggregate and comparison operators of SQL with suitable examples. [7+8] U,DBMS,363,Aggregation operators
555,EHxplain B+ Trees with a suitable example. [7+8],DBMS,408,B+ Trees
556,"a) What is meant by nested queries, explain with suitable example.",DBMS,362,Nested queries
561,a) What is a view? Discuss its role in database security. s,DBMS,354,Introduction to views
562,Differentiate between tuple relational calculus with domain relational calculus. [7+8] e,DBMS,357,Tuple relational calculus
565,Describe multi valued dependencies and the normal form associated with it. [15],DBMS,374,First normal form
567,a) Explain buffer management along with page replacement policies for buffer.,DBMS,398,Buffer management
571,How does DBMS provide data abstraction? Explain with a neat diagram. [7+8] U,DBMS,341,Levels of abstraction in a DBMS
572,a) Discuss about class hierarchies and constraints on them in ER Model.,DBMS,344,Database design and ER diagrams
573,Construct an SER diagram for college admission systems. [8+7],DBMS,344,Database design and ER diagrams
574,"Consider the followEing schema to write queries in SQL. Suppliers(sid:integer,sname:string,scity:string) Parts(pid:integer,pname:string,pcolour:string) D Catalogue(sid,pid,cost)",DBMS,359,SQL Queries
582,a) Describe the problems related to decomposition.,DBMS,369,Decompositions and associated problems
583,Discuss fourth normal form with example. 2 [8+7],DBMS,379,Fourth normal form
584,Discuss two phase locking protocol. Explain all its variants with necessary schedules. [15],DBMS,391,Serializability by locks
585,a) Discuss pin count and dirty bit in buffer management. 0,DBMS,398,Buffer management
587,"Discuss B+ tree as indexing structure. Bulk load the B+ tree with the following records (key*) format. A page can hold only two data records. Index record can hold two keys. M 44*, 34*, 12*, 35*, 25*, 56*, 7*, 91*, 36*, 87*, 3*, 45*. [15] ---ooOoo---",DBMS,408,B+ Trees
588,Write the applications of DBMS. [3],DBMS,338,Database System Applications
589,What is join operation in relational algebra? [3],DBMS,356,Relational algebra
590,What are the properties of decompositions? [3],DBMS,369,Decompositions and associated problems
591,What is multiple granularity locking? [3],DBMS,392,Locking systems with several lock modes
592,Give example of B+ trees. [3] PART-B (50 Marks),DBMS,408,B+ Trees
596,a) Write the aggregate operators in SQL.,DBMS,363,Aggregation operators
597,Write about complex integrity constraints in SQL. [5+5],DBMS,365,Complex integrity constraints in SQL
598,"a) Write Relational Algebra Queries for the following ( for Sailors Database) Sailors (sid,sname,rating,age), Boats(bid,bname,color), Reserves(sid,bid,day).",DBMS,356,Relational algebra
601,Explain tuple relational calculus. [6+4],DBMS,357,Tuple relational calculus
604,"What is normal form? Explain normalization using (1NF, 2NF, 3NF) with examples. [10]",DBMS,374,First normal form
610,Explain Extendible hashing. [5+5] ---ooOoo--- www.manaresults.co.in,DBMS,410,Extendible Hashing
614,Let R =(ABC) and S=(DEF) let r(R) and s(S) be relations on schema R and S. Give an expression in the Domain relational calculus that is equivalent to each of the following.,DBMS,344,Database design and ER diagrams
616,What is schema refinement? [2],DBMS,344,Database design and ER diagrams
617,Define Multi valued dependencies and join dependency. [3],DBMS,356,Relational algebra
619,What is primary and secondary indexing? [2],DBMS,405,Secondary Index
620,What is the difference between indexing and hashing? [3] PART-B (50 Marks),DBMS,409,Static Hashing
621,Give an overview of database architecture. [10],DBMS,354,Introduction to views
622,a) Give an overview of database languages – DDL and DML.,DBMS,354,Introduction to views
624,a) Explain the fundamental operations in relational algebra with examples.,DBMS,356,Relational algebra
625,What aggregate operators does SQL support? Explain with examples. [5+5],DBMS,363,Aggregation operators
630,What are the problems caused by redundancy and decomposition of relation? [5+5],DBMS,369,Decompositions and associated problems
632,"Explain 4NF, 5NF normal forms with examples. [5+5]",DBMS,379,Fourth normal form
634,Give an overview of validation based protocol. [5+5],DBMS,354,Introduction to views
635,a) Explain about the Multiple granularity Concurrency Control protocol.,DBMS,392,Locking systems with several lock modes
636,Explain about remote backup system. [5+5],DBMS,399,Failure with loss of non-volatile storage
637,a) Give acomparison of various file organizations.,DBMS,400,External Storage and Indexing
638,Describe the Insertion and Deletion Operations in B+ trees. [5+5],DBMS,408,B+ Trees
639,How does Extendable hashing use a directory of buckets? How does it handles the insert and delete operations? [10] ---ooOoo---,DBMS,409,Static Hashing
640,"a) Part A is compulsory which carries 25 marks. Answer all questions in Part A. Part B consists of 5 Units. Answer any one full question from each unit. Each question carries 10 marks and may have a, b, c as sub questions. PART-A (25 Marks) What are five main functions of a database administrator? 2 List and explain the database system applications. 3 Define a trigger. What are the differences between row level and statement level triggers? 2 How are queries expressed in SQL? 3 List the benefits of BCNF and 3NF. 2 Write the Properties of Decompositions. 3 Why is recoverability of schedules desirable? 2 Suppose that there is a database system that never fails. Is a recovery manager required for this system? 3 How is data organized in a hash based index? 2 Give a brief note on Static Hashing. 3 PART -B (50 Marks) What is a partial key? How is it represented in ER diagram? Give an example. Define query. Explain the data manipulation language in detail. 5+5] Explain how to build ER model for university with entities department, instructor, student, and class. Instructors and students belong to one department only. Instructors and students related to a class with many to many relations. Assume suitable attributes. Explain how the ER model can be translated to relations. List and explain the design issues of entity relationship. [5+5] Consider the following schema instructor (ID, name, dept_name), teaches (ID, course_id, sec_id, semester, year), section (course_id, sec_id, semester, year), student (ID, name, dept_name), takes (ID, course_id, sec_id, semester, year, grade) Write the following queries in SQL",DBMS,377,BCNF
645,Make a comparison between the tuple relational calculus and domain re calculus. What are nested queries? What is correlation in nested queries? Explain. Discuss how schema refinement through dependency analysis and norma! can improve schemas obtained through ER design. F when it is in INF? Explain. Discuss about log based recovery with immediate update and deferred with suitable examples. ational 5+5] lization Why is a table whose primary key consists of a single attribute automatically in,DBMS,344,Database design and ER diagrams
646,"update When a transaction is rolled back under timestamp ordering, it is assigned a new timestamp. Why can it not simply keep its old timestamp? Give a brief note on Indexed Sequential Access Methods. Make a comparison between the primary index and a secondary index. Where does a DBMS store persistent data? How does it bring data int 545] oO main memory for processing? What DBMS component reads and writes data from main memory, and what is the unit of I/O? ---00000--- www.jntuonline.com",DBMS,404,Primary Index
648,Write brief notes on altering tables and views. 3],DBMS,354,Introduction to views
649,Describe about outer join. 2),DBMS,356,Relational algebra
650,What is meant by nested queries? 3],DBMS,362,Nested queries
651,What is second normal form? 2),DBMS,375,Second normal form
653,What is meant by buffer management? 2],DBMS,398,Buffer management
654,What is meant by remote backup system? 3],DBMS,399,Failure with loss of non-volatile storage
655,Discuss about primary indexes. 2],DBMS,404,Primary Index
656,What is meant by linear hashing? 3] PART -B (50 Marks),DBMS,411,Linear Hashing
659,Explain Tuple relational calculus. 0,DBMS,357,Tuple relational calculus
660,Discuss about domain relational calculus. 0,DBMS,358,Domain relational calculus
661,What is meant by functional dependencies? Discuss about second normal form. 0,DBMS,375,Second normal form
662,Explain fourth normal form and BCNF. 0,DBMS,377,BCNF
663,What is meant by concurrency control? 0,DBMS,393,Concurrency control by timestamps
665,What is meant by extendable hashing? How it is different from linear hashing? 0,DBMS,411,Linear Hashing
